Country,State/Province,City (incl. neighbour cities),UberCity,UberCity_accuracy,POPESTIMATE2019,charging_locations,level2,dcfc,charging_locations_per_100kpeople,level2_per_100kpeople,dcfc_per_100kpeople
Canada,Alberta,Calgary,NA,NA,NA,NA,NA,NA,NA,NA,NA
Canada,Alberta,Edmonton,NA,NA,NA,NA,NA,NA,NA,NA,NA
Canada,Alberta,Lethbridge,NA,NA,NA,NA,NA,NA,NA,NA,NA
Canada,Alberta,Red Deer,NA,NA,NA,NA,NA,NA,NA,NA,NA
Canada,Ontario,Hamilton,NA,NA,NA,NA,NA,NA,NA,NA,NA
Canada,Ontario,Kingston,NA,NA,NA,NA,NA,NA,NA,NA,NA
Canada,Ontario,Kitchener-Waterloo,NA,NA,NA,NA,NA,NA,NA,NA,NA
Canada,Ontario,London,NA,NA,NA,NA,NA,NA,NA,NA,NA
Canada,Ontario,Niagara Region,NA,NA,NA,NA,NA,NA,NA,NA,NA
Canada,Ontario,Ottawa,NA,NA,NA,NA,NA,NA,NA,NA,NA
Canada,Ontario,Toronto,NA,NA,NA,NA,NA,NA,NA,NA,NA
Canada,Ontario,Windsor,NA,NA,NA,NA,NA,NA,NA,NA,NA
Canada,Quebec,Gatineau,NA,NA,NA,NA,NA,NA,NA,NA,NA
Canada,Quebec,Montreal,NA,NA,NA,NA,NA,NA,NA,NA,NA
Canada,Quebec,Quebec City,NA,NA,NA,NA,NA,NA,NA,NA,NA
United States,Alabama,Auburn,Auburn,1,324293,13,25,10,4.008720508922487,7.709077901774013,3.083631160709605
United States,Alabama,Birmingham,"Birmingham, AL",2,1250880,31,67,21,2.478255308262983,5.356229214632899,1.6788181120491172
United States,Alabama,Dothan,Dothan,1,345721,4,6,0,1.1570023226821626,1.735503484023244,0
United States,Alabama,Huntsville,"Huntsville, AL",1,739903,18,37,10,2.4327513201054733,5.000655491327917,1.3515285111697075
United States,Alabama,Mobile,"Mobile, AL",1,636444,36,70,8,5.656428531025511,10.998611032549604,1.2569841180056691
United States,Alabama,Montgomery,"Montgomery, AL",2,474500,14,36,1,2.9504741833508956,7.586933614330874,0.2107481559536354
United States,Alabama,Tuscaloosa,Tuscaloosa,1,316975,10,21,0,3.1548229355627417,6.625128164681757,0
United States,Alaska,Anchorage,Anchorage,2,477225,7,14,0,1.466813348001467,2.933626696002934,0
United States,Alaska,Fairbanks,Fairbanks,1,166654,0,0,0,0,0,0
United States,Arizona,Flagstaff,Flagstaff,1,378575,48,130,61,12.679125668625769,34.33929868586146,16.113055537211913
United States,Arizona,Phoenix,Phoenix,1,5002221,367,885,164,7.336741019639076,17.69214115090077,3.278543670901385
United States,Arizona,Tucson,Tucson,1,1219699,57,113,44,4.673284146334464,9.264580851505167,3.607447411205552
United States,Arizona,Western Arizona,Western Arizona,1,212181,5,6,14,2.3564786667986297,2.8277744001583556,6.598140267036163
United States,Arizona,Yuma,Yuma,1,213787,4,1,20,1.8710211565717279,0.46775528914293196,9.35510578285864
United States,Arkansas,Fayetteville,"Fayetteville, AR",1,709412,28,50,13,3.9469306975354237,7.048090531313257,1.8325035381414467
United States,Arkansas,Jonesboro,Jonesboro,1,379349,5,7,0,1.3180474971596077,1.8452664960234508,0
United States,Arkansas,Little Rock,Little Rock,1,1234178,47,179,17,3.8082027065787916,14.50358052080008,1.3774350215284992
United States,Arkansas,Texarkana,Texarkana,1,178787,1,0,8,0.5593247831218153,0,4.474598264974523
United States,California,Bakersfield,Bakersfield,1,900202,35,104,93,3.8880162452427345,11.552962557292696,10.331014594502124
United States,California,Fresno,Fresno,1,1793602,164,494,172,9.14361157045989,27.54234216955601,9.58964140316525
United States,California,Inland Empire,Inland Empire,1,2180085,172,503,269,7.889600634837633,23.0724948797868,12.338968434716994
United States,California,Los Angeles,Los Angeles,1,10039107,1768,5706,701,17.611128161100385,56.8377247099767,6.982692783332222
United States,California,Modesto,Modesto,1,828340,45,91,58,5.432551850689331,10.985827075838424,7.001955718666249
United States,California,Orange County,Orange County,1,3175692,602,2118,392,18.956498300212992,66.69412524892212,12.343766335022414
United States,California,Palm Springs,Palm Springs,1,2470546,291,804,323,11.778772789496735,32.54341348025902,13.074033027516993
United States,California,Sacramento,Sacramento,1,4368893,552,1475,567,12.634779565441406,33.76141278809071,12.978115966676228
United States,California,San Diego,San Diego,1,3519545,495,1719,251,14.064317972919794,48.84154059686692,7.131603658995694
United States,California,San Francisco,San Francisco Bay Area,1,8660595,2051,8175,1505,23.6819756610256,94.39305267132339,17.37755893215189
United States,California,San Luis Obispo,San Luis Obispo,1,283111,114,299,48,40.26689178449442,105.61228634705115,16.95448075136607
United States,California,Santa Barbara,Santa Barbara,1,446499,96,242,39,21.500608064071812,54.19944949484769,8.734622026029173
United States,California,Ventura,Ventura,1,846006,147,370,109,17.37576329245892,43.73491440959047,12.884069380122599
United States,Colorado,Colorado Springs,Colorado Springs,1,955555,58,115,33,6.069770970797077,12.034890717959719,3.4534903799362673
United States,Colorado,Denver,Denver,1,3286372,501,1323,151,15.244774480795234,40.25715895826766,4.594732428343474
United States,Colorado,Fort Collins,Fort Collins,1,739381,103,230,39,13.930571653856402,31.10710175132983,5.274682470877667
United States,Colorado,Rockies,Rockies,1,748459,217,485,91,28.99290408693061,64.7998086735546,12.158314617099935
United States,Connecticut,Connecticut,Connecticut,1,3565287,379,776,229,10.630280255137945,21.765428701812787,6.423045325663825
United States,Delaware,Delaware,Delaware,2,415011,32,52,36,7.7106389951109735,12.52978836705533,8.674468869499844
United States,Delaware,Eastern Shore,Eastern Shore,1,456675,57,107,63,12.481524059779932,23.43022937537636,13.795368697651503
United States,Delaware,Philadelphia,Philadelphia,1,4693738,244,531,79,5.198415420715856,11.312945034426718,1.6830935173629205
United States,District of Columbia,Washington D.C.,Washington D.C.,1,6008492,688,1695,368,11.450460448312155,28.21007334286207,6.124664890957664
United States,Florida,Central Atlantic Coast,"Central Atlantic Coast, FL",1,1920727,96,156,91,4.998107487425335,8.121924667066168,4.737789389121931
United States,Florida,Florida Keys,Florida Keys,1,74228,29,62,9,39.06881500242496,83.52643207414992,12.124804655924988
United States,Florida,Fort Myers-Naples,Fort Myers-Naples,1,1197501,58,117,39,4.843419754973064,9.770346747100838,3.2567822490336127
United States,Florida,Gainesville,Gainesville,1,528345,28,67,35,5.2995675174365235,12.681107988151682,6.624459396795655
United States,Florida,Jacksonville,Jacksonville,1,1634035,112,248,41,6.854198349484559,15.177153488144377,2.50912618150774
United States,Florida,Miami,Miami,1,6327488,460,1312,235,7.269867599906945,20.734926719734595,3.7139540999524616
United States,Florida,Ocala,"Ocala, FL",1,497999,11,24,14,2.2088397767867005,4.819286785716437,2.811250625001255
United States,Florida,Orlando,Orlando,1,3332924,295,642,101,8.851086913472974,19.26236541847339,3.030372129697527
United States,Florida,Panama City,"Panama City, Fl",1,293953,9,17,4,3.0617139474677924,5.783237456328052,1.36076175443013
United States,Florida,Pensacola,"Pensacola, FL",1,787438,32,60,9,4.063812008056507,7.619647515105951,1.1429471272658926
United States,Florida,Sarasota,Sarasota,1,1090843,69,176,26,6.325383212799641,16.134310803662853,2.3834777323592857
United States,Florida,Tallahassee,Tallahassee,1,447768,21,43,14,4.689928713083561,9.603187364885386,3.1266191420557075
United States,Florida,Tampa Bay,Tampa Bay,1,2446964,197,432,81,8.050792737449346,17.654530266893996,3.3102244250426245
United States,Georgia,Athens,Athens,3,517668,26,62,21,5.022524088798225,11.976788211749616,4.056654071721645
United States,Georgia,Atlanta,Atlanta,1,6171603,661,1970,234,10.710345432134893,31.920394101824115,3.7915595024501734
United States,Georgia,Augusta,Augusta,3,540314,16,34,32,2.9612410561266227,6.292637244269073,5.922482112253245
United States,Georgia,Coastal Georgia,Coastal Georgia,1,291522,33,98,13,11.319900384876613,33.61667387023964,4.459354697072605
United States,Georgia,Columbus,"Columbus, GA",1,356783,19,39,8,5.325365838618993,10.93101408979688,2.242259300471155
United States,Georgia,Macon,Macon,1,725914,31,78,33,4.270478321123439,10.745074485407363,4.545993051518499
United States,Georgia,North Georgia,North Georgia,1,660427,31,70,5,4.693932864646661,10.599203242750523,0.7570859459107516
United States,Georgia,Savannah-Hilton Head,Savannah-Hilton Head,1,756591,59,114,32,7.798136641858018,15.06758605375956,4.229497839651806
United States,Georgia,South Georgia,South Georgia,1,818796,15,38,11,1.8319581434203391,4.640960629998192,1.343435971841582
United States,Hawaii,Big Island,Big Island,1,201513,33,50,16,16.376114692352353,24.812294988412656,7.93993439629205
United States,Hawaii,Honolulu,Honolulu,1,974563,178,395,19,18.264596542245087,40.53098670891466,1.9495917657452622
United States,Hawaii,Kauai,Kauai,1,72293,16,29,0,22.132156640338625,40.11453391061375,0
United States,Hawaii,Maui,Maui,1,167503,57,93,52,34.029241267320586,55.52139364668095,31.044220103520534
United States,Idaho,Boise,Boise,1,826544,44,84,18,5.323370564664434,10.16279835072301,2.177742503726359
United States,Idaho,Coeur d'Alene,Coeur D'Alene,1,355638,12,24,10,3.374217603293236,6.748435206586472,2.8118480027443638
United States,Idaho,Eastern Idaho,Eastern Idaho,1,600568,20,21,45,3.3301807622117727,3.4966898003223617,7.492906714976489
United States,Illinois,Carbondale,Carbondale,1,214339,4,6,0,1.8662026042857343,2.7993039064286016,0
United States,Illinois,Champaign,Champaign,1,505469,25,39,16,4.945901726911047,7.715606693981233,3.16537710522307
United States,Illinois,Chicago,Chicago,1,8804081,478,1181,235,5.429300343783752,13.414233694578686,2.6692166962116772
United States,Illinois,Peoria,"Peoria, IL",1,520958,51,90,12,9.789656747760857,17.275864848989745,2.303448646531966
United States,Illinois,Quad Cities,Quad Cities,3,379172,17,25,16,4.483453419556296,6.593313852288672,4.219720865464749
United States,Illinois,Rockford,Rockford,1,431257,10,23,12,2.3188029411696505,5.333246764690196,2.7825635294035806
United States,Illinois,Springfield,"Springfield, IL",1,680349,16,32,14,2.3517341834852408,4.7034683669704815,2.0577674105495856
United States,Indiana,Bloomington,Bloomington,1,148431,6,9,8,4.042282272571094,6.06342340885664,5.389709696761458
United States,Indiana,Cincinnati,Cincinnati,1,2203005,73,165,53,3.3136556657837817,7.489769655538684,2.405804798445759
United States,Indiana,Evansville,"Evansville, IN",1,541474,14,36,0,2.585535039540218,6.648518673103417,0
United States,Indiana,Fort Wayne,Fort Wayne,1,605075,22,44,12,3.6359129033590873,7.271825806718175,1.9832252200140477
United States,Indiana,Indianapolis,Indianapolis,1,3002848,87,197,84,2.8972495444324853,6.560438623599996,2.7973443877279167
United States,Indiana,Louisville,Louisville,1,1756294,74,134,25,4.213417571317786,7.629702088602478,1.4234518822019548
United States,Indiana,NW Indiana,NW Indiana,1,848664,33,63,20,3.88846469274059,7.423432595232036,2.35664526832763
United States,Indiana,South Bend,South Bend,1,698063,28,51,16,4.011099284735046,7.305930840053118,2.2920567341343117
United States,Indiana,Terre Haute,Terre Haute,1,224073,5,6,12,2.2314156547196675,2.6776987856636008,5.3553975713272015
United States,Indiana,West Lafayette,West Lafayette,1,253193,14,26,12,5.529378774294708,10.268846295118744,4.739467520824036
United States,Iowa,Ames,Ames,1,391330,16,20,16,4.088620857077148,5.110776071346434,4.088620857077148
United States,Iowa,Cedar Rapids,Cedar Rapids,1,269205,14,31,1,5.200497761928642,11.51538790141342,0.37146412585204586
United States,Iowa,Des Moines,Des Moines,2,977625,50,89,52,5.11443549418233,9.103695179644546,5.3190129139496225
United States,Iowa,Dubuque,Dubuque,1,232107,6,13,9,2.585014669958252,5.600865118242879,3.8775220049373784
United States,Iowa,Iowa City,Iowa City,1,474346,31,71,16,6.535313884801389,14.967976961964473,3.3730652308652336
United States,Iowa,Sioux City,Sioux City,1,346418,9,12,8,2.598017424036857,3.464023232049143,2.309348821366095
United States,Iowa,Waterloo-Cedar Falls,Waterloo-Cedar Falls,1,291096,11,22,8,3.778822106796383,7.557644213592766,2.7482342594882785
United States,Kansas,Lawrence,Lawrence,1,122259,4,8,2,3.2717427755829833,6.543485551165967,1.6358713877914917
United States,Kansas,Manhattan,Manhattan,1,169304,7,12,0,4.134574493219297,7.0878419883759385,0
United States,Kansas,Topeka,Topeka,1,896839,33,57,60,3.6795902051538794,6.3556558089021555,6.690164009370689
United States,Kansas,Wichita,Wichita,1,875324,22,63,18,2.5133550548139887,7.1973349296946045,2.0563814084841727
United States,Kentucky,Bowling Green,Bowling Green,1,895238,17,31,24,1.8989363722272736,3.4627663258262045,2.680851349026739
United States,Kentucky,Cincinnati,Cincinnati,1,2203005,73,165,53,3.3136556657837817,7.489769655538684,2.405804798445759
United States,Kentucky,Lexington,Lexington,1,1665171,42,76,21,2.5222634792462757,4.564095819588498,1.2611317396231378
United States,Kentucky,Louisville,Louisville,1,1756294,74,134,25,4.213417571317786,7.629702088602478,1.4234518822019548
United States,Louisiana,Baton Rouge,Baton Rouge,3,967751,21,38,10,2.169979674523715,3.9266298872333896,1.0333236545351026
United States,Louisiana,Lafayette,Lafayette-Lake Charles,3,958975,15,20,22,1.5641700774264187,2.085560103235225,2.2941161135587476
United States,Louisiana,Monroe,Monroe,2,345778,6,12,8,1.7352173938191557,3.4704347876383115,2.313623191758874
United States,Louisiana,New Orleans,New Orleans,3,1546690,45,122,10,2.9094388662240007,7.887812037318402,0.6465419702720002
United States,Louisiana,Shreveport,Shreveport-Alexandria,1,829600,9,12,16,1.0848601735776278,1.446480231436837,1.9286403085824493
United States,Maine,Greater Maine,Greater Maine,1,639460,78,137,60,12.197791886904575,21.424326775717013,9.382916836080442
United States,Maine,Portland,"Portland, ME",1,704752,109,171,67,15.466433582309806,24.263854519036485,9.506890367107863
United States,Maryland,Baltimore-Maryland,Baltimore-Maryland,1,3823191,477,1215,238,12.476488880623542,31.77973582800336,6.225166359724114
United States,Maryland,Eastern Shore,Eastern Shore,1,456675,57,107,63,12.481524059779932,23.43022937537636,13.795368697651503
United States,Maryland,Washington D.C.,Washington D.C.,1,6008492,688,1695,368,11.450460448312155,28.21007334286207,6.124664890957664
United States,Massachusetts,Boston,Boston,1,5239555,659,1924,240,12.577403997095173,36.72067570623841,4.5805416681378475
United States,Massachusetts,Western MA,Western MA,1,822326,120,273,42,14.592752752557987,33.19851251206942,5.1074634633952956
United States,Massachusetts,Worcester,Worcester,1,830622,72,168,39,8.668202864841048,20.22580668462911,4.695276551788901
United States,Michigan,Ann Arbor,Ann Arbor,1,526111,40,88,20,7.602958311078841,16.72650828437345,3.8014791555394205
United States,Michigan,Detroit,Detroit,1,3880899,159,367,65,4.096988867785531,9.456571789165347,1.674869662931192
United States,Michigan,Flint,Flint,1,405813,9,15,12,2.217770253786843,3.696283756311405,2.9570270050491234
United States,Michigan,Grand Rapids,Grand Rapids,2,1240432,79,162,39,6.368748951978021,13.059966205322018,3.1440659383182634
United States,Michigan,Kalamazoo,Kalamazoo,1,494144,25,46,15,5.059253982644735,9.309027328066314,3.035552389586841
United States,Michigan,Lansing,Lansing,2,482269,35,54,15,7.25736051871466,11.197070514588331,3.1102973651634254
United States,Michigan,Traverse City,Traverse City,1,1063419,55,105,77,5.171997114965973,9.873812674025949,7.2407959609523624
United States,Michigan,Tri-Cities,"Tri-Cities, MI",1,446693,9,12,8,2.0148065897607528,2.6864087863476707,1.7909391908984469
United States,Minnesota,Duluth,Duluth,1,294195,20,42,14,6.798212070225531,14.276245347473614,4.7587484491578715
United States,Minnesota,Mankato,Mankato,1,130814,9,14,6,6.879997553778647,10.702218416989007,4.586665035852431
United States,Minnesota,Minneapolis - St. Paul,Minneapolis - St. Paul,1,3257025,233,569,85,7.1537676253636375,17.46993038125283,2.6097435543172067
United States,Minnesota,Rochester,"Rochester, MN",1,158293,11,20,9,6.949138622680725,12.634797495783136,5.685658873102412
United States,Minnesota,St Cloud,St Cloud,1,299202,5,7,3,1.6711118241188225,2.339556553766352,1.0026670944712937
United States,Mississippi,Golden Triangle,Golden Triangle,1,209021,13,32,0,6.219470770879481,15.309466512934106,0
United States,Mississippi,Gulfport-Biloxi,Gulfport-Biloxi,1,497700,13,39,6,2.612015270243118,7.836045810729356,1.2055455093429777
United States,Mississippi,Hattiesburg,"Hattiesburg, MS",1,372577,5,5,16,1.3420044715588992,1.3420044715588992,4.294414308988478
United States,Mississippi,Jackson,Jackson,1,782329,17,47,8,2.1729988278588674,6.007702641727457,1.0225876836982906
United States,Mississippi,Oxford,Oxford,1,527940,11,25,16,2.0835701026631814,4.735386596961776,3.0306474220555364
United States,Missouri,Columbia,"Columbia, MO",1,637609,19,58,20,2.9798826553577507,9.096483895302608,3.136718584587106
United States,Missouri,Kansas City,Kansas City,1,2264168,421,1971,85,18.594026591666342,87.05184420944029,3.7541383854908292
United States,Missouri,Springfield,"Springfield, Mo",1,1651786,52,136,40,3.1481075635705835,8.23351208933845,2.421621202746603
United States,Missouri,St Louis,St Louis,1,2677802,89,156,73,3.3236213879891046,5.825673444115734,2.72611641936185
United States,Montana,Billings,Billings,1,301383,9,12,24,2.9862334637321943,3.981644618309593,7.963289236619186
United States,Montana,Bozeman,Bozeman,1,407356,29,42,58,7.119080116654719,10.310391893086146,14.238160233309438
United States,Montana,Missoula,Missoula,1,324449,20,29,12,6.164297008158447,8.938230661829747,3.6985782048950684
United States,Nebraska,Lincoln,Lincoln,2,361350,21,36,12,5.8115400581154,9.962640099626402,3.3208800332088
United States,Nevada,Las Vegas,Las Vegas,1,2266715,152,392,110,6.705739362910643,17.293748883295873,4.852837696843229
United States,Nevada,Reno,Reno,1,662882,87,212,74,13.12450783095634,31.981559312215445,11.16337447690539
United States,New Hampshire,New Hampshire,New Hampshire,1,1359711,108,188,57,7.942864329258203,13.826467536116132,4.1920672848862734
United States,New Jersey,New Jersey,New Jersey,1,8882190,413,808,355,4.6497541709871095,9.096855617814976,3.996762059807322
United States,New Mexico,Albuquerque,Albuquerque,3,902557,33,72,21,3.6562787724210213,7.977335503464047,2.326722855177014
United States,New Mexico,Las Cruces,Las Cruces,1,218195,4,10,0,1.8332225761360252,4.583056440340063,0
United States,New Mexico,Santa Fe,Santa Fe,1,197004,23,38,20,11.674889849952287,19.288948447747252,10.152078130393292
United States,New York,NYC Suburbs,NYC Suburbs,1,5081871,397,863,246,7.812083384249619,16.981934409590483,4.840736807368782
United States,New York,New York City,New York City,1,8336817,500,1343,107,5.997492808106499,16.10926568257406,1.2834634609347908
United States,New York,Upstate NY,Upstate NY,1,6034873,840,2137,209,13.919099871695725,35.41085288787353,3.4632046109338175
United States,North Carolina,Asheville,"Asheville, NC",1,772925,87,205,13,11.255943332147362,26.52262509299091,1.6819225668725943
United States,North Carolina,Boone,Boone,3,295697,23,42,3,7.778232447403931,14.203728816998481,1.0145520583570342
United States,North Carolina,Charlotte,Charlotte,3,2846816,170,402,63,5.971583692096715,14.121039083663995,2.212998662365253
United States,North Carolina,Eastern North Carolina,Eastern North Carolina,1,1181708,45,69,15,3.808047334874605,5.839005913474394,1.2693491116248683
United States,North Carolina,Fayetteville,"Fayetteville, NC",1,847161,23,32,40,2.7149502868994206,3.7773221382948456,4.721652672868557
United States,North Carolina,Outer Banks,"Outer Banks, NC",2,174964,17,29,18,9.71628449280995,16.5748382524405,10.28783063944583
United States,North Carolina,Piedmont Triad,Piedmont Triad,3,1711755,64,119,39,3.738852814801184,6.95192945252095,2.278363434019471
United States,North Carolina,Raleigh-Durham,Raleigh-Durham,3,2161197,211,497,83,9.763108129430126,22.99651535699892,3.8404643352734618
United States,North Carolina,Wilmington,"Wilmington, NC",1,495861,25,38,12,5.041735486356056,7.663437939261204,2.4200330334509066
United States,North Dakota,Bismarck,Bismark,1,322263,13,23,10,4.033972252477014,7.137027831305487,3.1030555788284726
United States,North Dakota,Fargo,Fargo - Moorhead,1,326842,12,16,17,3.6714987669883303,4.895331689317775,5.201289919900136
United States,North Dakota,Grand Forks,Grand Forks,1,165876,3,3,0,1.8085799030601173,1.8085799030601173,0
United States,Ohio,Akron,Akron,3,1716726,70,119,26,4.077528970843338,6.9317992504336745,1.514510760598954
United States,Ohio,Cincinnati,Cincinnati,1,2203005,73,165,53,3.3136556657837817,7.489769655538684,2.405804798445759
United States,Ohio,Cleveland,Cleveland,3,2098476,65,119,43,3.0974859850672583,5.670782034200058,2.04910611319834
United States,Ohio,Columbus,Columbus,3,2185288,221,498,142,10.113083492885147,22.788758278085087,6.4979993483696425
United States,Ohio,Dayton,Dayton,1,1253664,46,97,14,3.6692447099063226,7.737320366541593,1.1167266508410547
United States,Ohio,Toledo,Toledo,3,1210870,48,61,51,3.964091933898767,5.03770016599635,4.21184767976744
United States,Ohio,Youngstown,Youngstown,1,1522976,30,58,23,1.969827495640115,3.8083331582375557,1.5102010799907548
United States,Oklahoma,Dallas,Dallas-Fort Worth,1,7861298,428,987,154,5.444393533994004,12.555178546850659,1.9589640285866277
United States,Oklahoma,Lawton,Lawton,1,285950,9,6,17,3.1474033922014337,2.0982689281342894,5.945095296380486
United States,Oklahoma,Oklahoma City,Oklahoma City,2,1881204,116,131,170,6.166263733226168,6.963625422867483,9.036765815934901
United States,Oklahoma,Stillwater,Stillwater,1,81784,8,10,6,9.781864423359092,12.227330529198866,7.336398317519319
United States,Oklahoma,Tulsa,Tulsa,1,1632854,99,150,124,6.063003795807831,9.186369387587623,7.594065360405769
United States,Oregon,Central Oregon,Central Oregon,1,246754,38,81,30,15.39995298961719,32.82621558313138,12.157857623381991
United States,Oregon,Eugene,Eugene,2,382067,38,86,24,9.945899541179951,22.50914106688094,6.281620762850496
United States,Oregon,Portland,Portland,2,2332958,341,784,156,14.61663690473639,33.60540566954055,6.68678990363307
United States,Oregon,Southern Oregon,Southern Oregon,2,419411,55,93,29,13.11362839791994,22.173953472846446,6.914458609812332
United States,Oregon,Willamette Valley,Willamette Valley,1,763805,111,215,46,14.53250502418811,28.14854576757157,6.022479559573451
United States,Pennsylvania,Erie,Erie,1,560887,18,28,26,3.209202566648897,4.99209288145384,4.635514818492851
United States,Pennsylvania,Greater Williamsport,Greater Williamsport,1,730503,15,36,20,2.0533796575784082,4.92811117818818,2.737839543437878
United States,Pennsylvania,Harrisburg,Harrisburg,1,719734,37,79,26,5.140788124501552,10.97627734690872,3.612445709109199
United States,Pennsylvania,Johnstown-Altoona,Johnstown-Altoona,1,433030,12,12,25,2.7711705886428195,2.7711705886428195,5.77327205967254
United States,Pennsylvania,Lancaster,"Lancaster, PA",1,545724,48,116,12,8.79565494645645,21.25616612060309,2.1989137366141125
United States,Pennsylvania,Lehigh Valley,Lehigh Valley,1,964865,51,126,21,5.285713545418271,13.058821700445142,2.1764702834075234
United States,Pennsylvania,Philadelphia,Philadelphia,1,4693738,244,531,79,5.198415420715856,11.312945034426718,1.6830935173629205
United States,Pennsylvania,Pittsburgh,Pittsburgh,1,2523418,135,360,47,5.349886542776503,14.266364114070678,1.8625530926703384
United States,Pennsylvania,Reading,"Reading, PA",1,421164,9,21,0,2.1369347807504915,4.98618115508448,0
United States,Pennsylvania,State College,State College,1,162385,20,48,9,12.316408535271115,29.559380484650674,5.542383840872001
United States,Pennsylvania,Wilkes-Barre Scranton,Wilkes-Barre Scranton,1,645574,18,42,8,2.7882163779830043,6.505838215293676,1.2392072791035575
United States,Pennsylvania,York-Gettysburg,York-Gettysburg,1,707094,29,49,15,4.101293463103915,6.929771713520409,2.12135868781237
United States,Puerto Rico,Mayaguez,Mayaguez,NA,NA,NA,NA,NA,NA,NA,NA
United States,Puerto Rico,Ponce,Ponce,NA,NA,NA,NA,NA,NA,NA,NA
United States,Puerto Rico,San Juan,"San Juan, PR",NA,NA,NA,NA,NA,NA,NA,NA
United States,Rhode Island,Rhode Island,Rhode Island,1,1059361,124,374,24,11.705169437047427,35.304301366578535,2.265516665234986
United States,South Carolina,Charleston,"Charleston, SC",1,902641,36,74,11,3.9882965653011553,8.19816516200793,1.2186461727309086
United States,South Carolina,Charlotte,Charlotte,3,2846816,170,402,63,5.971583692096715,14.121039083663995,2.212998662365253
United States,South Carolina,Columbia,"Columbia, SC",3,1868553,66,130,24,3.5321449271174004,6.957255159473667,1.2844163371336002
United States,South Carolina,Florence,"Florence, SC",1,388099,14,20,22,3.6073269964622425,5.153324280660347,5.668656708726382
United States,South Carolina,Greenville,"Greenville, SC",2,1319808,77,169,22,5.83418194161575,12.804892832896906,1.6669091261759288
United States,South Carolina,Myrtle Beach,Myrtle Beach,1,447418,28,53,11,6.258129981359713,11.84574603614517,2.4585510641056016
United States,South Carolina,Savannah-Hilton Head,Savannah-Hilton Head,1,756591,59,114,32,7.798136641858018,15.06758605375956,4.229497839651806
United States,Tennessee,Chattanooga,Chattanooga,1,711702,54,110,19,7.587445307165078,15.45590710718812,2.6696566821506753
United States,Tennessee,Cookeville,Cookeville,1,233323,12,23,14,5.143084908045927,9.857579407088028,6.000265726053582
United States,Tennessee,Jackson,"Jackson, TN",1,453614,11,15,11,2.4249692469809134,3.306776245883064,2.4249692469809134
United States,Tennessee,Knoxville,Knoxville,2,1246621,89,180,16,7.139298952929559,14.439031590194615,1.2834694746839657
United States,Tennessee,Memphis,Memphis,1,1391055,43,100,20,3.091178997235911,7.188788365664909,1.4377576731329818
United States,Tennessee,Nashville,Nashville,2,2189609,181,461,79,8.266316040900453,21.053987264392866,3.607950095199645
United States,Tennessee,Tri-Cities,Tri-Cities,1,512260,18,37,10,3.513840627806192,7.22289462382384,1.9521336821145514
United States,Texas,Abilene,Abilene,2,412357,11,15,23,2.667591431696321,3.6376246795858926,5.577691175365036
United States,Texas,Amarillo,Amarillo,1,437924,10,28,25,2.2835012467916807,6.3938034910167065,5.708753116979202
United States,Texas,Austin,Austin,1,2314157,337,992,92,14.56253832389073,42.866581653708025,3.975529750142276
United States,Texas,Beaumont,Beaumont,1,441687,8,11,4,1.8112373694494066,2.490451382992934,0.9056186847247033
United States,Texas,College Station,College Station,1,374360,19,39,11,5.075328560743669,10.417779677315952,2.938348114114756
United States,Texas,Corpus Christi,Corpus Christi,1,711208,24,55,22,3.3745402188951754,7.73332133496811,3.0933285339872443
United States,Texas,Dallas,Dallas-Fort Worth,1,7861298,428,987,154,5.444393533994004,12.555178546850659,1.9589640285866277
United States,Texas,El Paso,El Paso,1,844124,23,46,13,2.7247181693684817,5.449436338736963,1.5400580957300112
United States,Texas,Houston,Houston,1,7267684,271,684,128,3.728835761158576,9.411526422998028,1.7612213189236077
United States,Texas,Killeen,Killeen,1,460303,9,16,1,1.9552338351042684,3.4759712624075885,0.21724820390047428
United States,Texas,Laredo,Laredo,1,379262,4,5,8,1.054679878289942,1.3183498478624276,2.109359756579884
United States,Texas,Lubbock,Lubbock,1,503668,6,8,1,1.1912609099645004,1.5883478799526671,0.1985434849940834
United States,Texas,Midland-Odessa,Midland-Odessa,1,435617,5,4,12,1.14779726227397,0.9182378098191761,2.754713429457528
United States,Texas,Nacogdoches,Nacogdoches,1,335475,2,1,8,0.5961696102541173,0.29808480512705865,2.384678441016469
United States,Texas,Rio Grande Valley,Rio Grande Valley,1,1390558,17,33,10,1.2225308113721254,2.373148045604714,0.7191357713953679
United States,Texas,San Angelo,San Angelo,1,176614,6,6,12,3.397239176962189,3.397239176962189,6.794478353924378
United States,Texas,San Antonio,San Antonio,2,2709110,111,250,55,4.0972865627456985,9.228122889066888,2.0301870355947154
United States,Texas,Texarkana,Texarkana,1,178787,1,0,8,0.5593247831218153,0,4.474598264974523
United States,Texas,Tyler,Tyler,1,975736,13,22,20,1.332327596808973,2.2547082407536467,2.0497347643214967
United States,Texas,Waco,Waco,1,480256,9,11,26,1.8740005330490406,2.2904450959488276,5.413779317697228
United States,Texas,Wichita Falls,Wichita Falls,1,254351,5,7,12,1.9657874354730276,2.7521024096622386,4.717889845135265
United States,Utah,Salt Lake City,Salt Lake City,2,2816425,304,983,88,10.793825505738658,34.9024028688852,3.1245284358717167
United States,Utah,Southern Utah,Southern Utah,1,389533,61,122,80,15.659777220415215,31.31955444083043,20.537412748085526
United States,Vermont,Vermont,Vermont,1,623989,226,545,53,36.2185871866331,87.34128325980106,8.493739472971479
United States,Virginia,Charlottesville-Harrisonburg,Charlottesville-Harrisonburg,1,590243,56,117,41,9.487617811647068,19.822344356476908,6.9462916120987455
United States,Virginia,Hampton Roads,Hampton Roads,1,1769157,105,229,39,5.935030073645244,12.944017970140582,2.2044397416396624
United States,Virginia,Richmond,Richmond,1,1453153,85,174,74,5.849349655542121,11.973962824286225,5.09237499423667
United States,Virginia,Roanoke,Roanoke-Blacksburg,1,1380238,59,104,41,4.2746251008883975,7.534932381227006,2.9705021887529544
United States,Virginia,Washington D.C.,Washington D.C.,1,6008492,688,1695,368,11.450460448312155,28.21007334286207,6.124664890957664
United States,Washington,Bellingham,Bellingham,1,443593,48,89,31,10.820729813139522,20.06343652852953,6.988388004319274
United States,Washington,Eastern Washington,Eastern Washington,1,1119102,121,189,106,10.812240528566655,16.888540990901635,9.471880132463351
United States,Washington,Olympia,Olympia,1,290536,37,88,20,12.73508274361869,30.28884544428229,6.883828510064157
United States,Washington,Peninsula and SW WA,Peninsula and SW WA,1,758695,98,167,73,12.916916547492734,22.011480239094762,9.62178477517316
United States,Washington,Portland,Portland,2,2332958,341,784,156,14.61663690473639,33.60540566954055,6.68678990363307
United States,Washington,Seattle,Seattle,1,3074865,550,1505,243,17.886964143141245,48.945238246231945,7.902785975969677
United States,Washington,Spokane,Spokane,1,522798,66,149,28,12.62437882317836,28.500491585660235,5.35579707649991
United States,Washington,Tacoma,Tacoma,1,904980,80,185,21,8.839974364074344,20.442440716921922,2.320493270569515
United States,West Virginia,Eastern WV,Eastern WV,1,663431,28,41,22,4.2204841196748415,6.17999460380959,3.3160946654588046
United States,West Virginia,Western WV,Western WV,1,993978,33,62,30,3.3199929978329497,6.237562601989179,3.0181754525754094
United States,Wisconsin,Duluth,Duluth,1,294195,20,42,14,6.798212070225531,14.276245347473614,4.7587484491578715
United States,Wisconsin,Eau Claire,Eau Claire,1,769271,11,17,11,1.42992521491126,2.2098844230446746,1.42992521491126
United States,Wisconsin,Green Bay,Green Bay,1,1458530,54,99,34,3.702357853455191,6.787656064667851,2.331114204027343
United States,Wisconsin,La Crosse,La Crosse,1,258414,11,17,11,4.256735316198038,6.5785909432151515,4.256735316198038
United States,Wisconsin,Madison,Madison,1,1075542,92,164,38,8.553826814759443,15.248126061092918,3.533102380009335
United States,Wisconsin,Milwaukee,Milwaukee,1,2217527,80,171,48,3.607622364913708,7.71129280500305,2.164573418948225
United States,Wyoming,Wyoming,Wyoming,1,578759,54,87,75,9.33030847036504,15.032163646699232,12.95876176439589
